代码,公司名称,行业板块,现价 ($),市值 (十亿$),滚动PE,PEG,ROE (%),营收增速 (%),股息率 (%),偏离50日线 (%)
MMM,3M,Industrials,159.96,82.49,28.41,1.54,81.89,2.5,191.0,-6.8
AOS,A. O. Smith,Industrials,56.38,7.66,15.7,1.34,27.13,-0.7,255.0,-5.42
ABT,Abbott Laboratories,Health Care,99.6,172.35,32.13,1.81,10.58,13.0,256.0,-6.19
ABBV,AbbVie,Health Care,276.47,488.55,78.1,0.56,,10.2,254.0,6.79
ACN,Accenture,Information Technology,209.06,127.93,15.42,1.98,26.02,6.2,328.0,13.56
ADBE,Adobe Inc.,Information Technology,242.27,94.29,13.53,0.58,61.9,12.9,0.0,-6.05
AMD,Advanced Micro Devices,Information Technology,608.1,992.71,155.13,0.62,10.2,50.1,0.0,14.97
AES,AES Corporation,Utilities,14.94,10.66,5.6,0.81,9.57,19.9,471.0,0.99
AFL,Aflac,Financials,114.54,57.42,12.32,1.18,16.91,-1.0,212.0,-2.3
A,Agilent Technologies,Health Care,170.54,48.09,33.64,1.39,20.97,8.1,61.0,9.76
APD,Air Products,Materials,281.26,62.63,,2.0,0.02,4.6,260.0,-3.85
ABNB,Airbnb,Consumer Discretionary,165.87,97.79,37.78,1.38,34.54,16.5,0.0,-3.02
AKAM,Akamai Technologies,Information Technology,106.95,15.37,38.75,1.17,8.92,5.4,0.0,-3.84
ALB,Albemarle Corporation,Materials,101.27,11.95,375.07,0.79,2.65,31.1,161.0,-16.58
ARE,Alexandria Real Estate Equities,Real Estate,45.51,7.83,,3.24,-4.08,-11.9,632.0,-8.31
ALGN,Align Technology,Health Care,142.71,10.14,24.82,0.59,10.15,4.3,0.0,-9.1
ALLE,Allegion,Industrials,150.48,12.8,19.72,1.9,33.73,12.7,147.0,-4.34
LNT,Alliant Energy,Utilities,65.85,17.07,20.84,2.02,11.13,1.0,327.0,-2.2
ALL,Allstate,Financials,229.43,58.01,4.59,1.7,46.11,11.8,187.0,-7.93
GOOGL,Alphabet Inc. (Class A),Communication Services,351.66,4300.78,17.64,1.22,48.68,24.2,25.0,1.6
GOOG,Alphabet Inc. (Class C),Communication Services,347.86,4254.3,17.45,1.21,48.68,24.2,26.0,1.33
MO,Altria,Consumer Staples,71.68,119.69,15.09,2.74,,1.2,622.0,6.23
AMZN,Amazon,Consumer Discretionary,262.43,2830.65,21.11,1.48,30.56,19.6,0.0,1.29
AMCR,Amcor,Materials,41.72,19.27,17.53,0.96,9.4,25.9,621.0,-5.76
AEE,Ameren,Utilities,102.19,28.29,17.99,2.52,11.94,-6.2,295.0,-2.35
AEP,American Electric Power,Utilities,122.81,66.86,21.28,2.23,10.13,7.0,311.0,0.07
AXP,American Express,Financials,308.17,208.11,18.7,1.24,34.38,12.8,123.0,-5.09
AIG,American International Group,Financials,77.04,40.28,14.11,0.65,7.22,0.5,260.0,1.51
AMT,American Tower,Real Estate,182.24,84.92,25.07,1.58,33.91,4.7,429.0,6.57
AWK,American Water Works,Utilities,128.88,25.61,22.34,2.27,10.1,6.2,279.0,-4.42
AMP,Ameriprise Financial,Financials,500.51,44.21,12.08,1.4,63.43,11.6,136.0,-7.16
AME,Ametek,Industrials,248.58,56.99,36.34,2.81,14.56,15.0,55.0,1.63
AMGN,Amgen,Health Care,414.87,224.29,25.77,2.46,91.47,9.5,247.0,0.9
APH,Amphenol,Information Technology,87.24,215.13,43.62,0.98,38.12,55.0,59.0,6.11
ADI,Analog Devices,Information Technology,406.19,196.83,48.24,0.61,12.23,39.6,108.0,7.0
AON,Aon plc,Financials,273.47,58.01,15.08,2.17,44.7,2.2,118.0,-14.37
APA,APA Corporation,Energy,45.88,16.07,9.7,1.23,26.66,9.2,220.0,8.04
APO,Apollo Global Management,Financials,118.65,70.07,42.53,0.43,11.41,63.8,195.0,-7.25
AAPL,Apple Inc.,Information Technology,336.64,4912.98,38.61,2.72,148.75,16.4,32.0,4.43
AMAT,Applied Materials,Information Technology,507.03,402.38,43.75,1.01,41.07,24.8,42.0,3.52
APP,AppLovin,Communication Services,277.04,93.07,21.29,0.61,203.69,52.8,0.0,-12.93
APTV,Aptiv,Consumer Discretionary,43.8,9.09,43.37,0.95,5.16,2.3,0.0,-5.4
ACGL,Arch Capital Group,Financials,95.57,32.61,7.48,1.05,19.94,-10.5,0.0,-1.8
ADM,Archer Daniels Midland,Consumer Staples,79.89,38.5,21.89,0.98,7.64,7.2,252.0,-2.16
ARES,Ares Management,Financials,117.22,26.66,54.02,0.86,14.92,9.6,464.0,-10.77
ANET,Arista Networks,Information Technology,216.74,273.36,68.37,1.58,31.48,37.7,0.0,9.54
AJG,Arthur J. Gallagher & Co.,Financials,232.7,59.65,38.59,0.69,6.72,30.9,120.0,-5.62
AIZ,Assurant,Financials,266.49,13.14,12.76,2.16,18.34,9.4,129.0,-4.4
T,AT&T,Communication Services,22.18,151.99,7.32,1.51,18.34,2.3,446.0,-11.15
ATO,Atmos Energy,Utilities,161.66,27.32,19.27,1.94,9.79,4.8,249.0,-1.8
ADSK,Autodesk,Information Technology,235.35,49.19,30.53,0.79,53.85,16.1,0.0,0.8
ADP,Automatic Data Processing,Industrials,270.88,107.34,24.76,2.45,72.24,6.8,251.0,0.04
AZO,AutoZone,Consumer Discretionary,2939.85,47.55,19.27,1.23,,5.6,0.0,-0.2
AVY,Avery Dennison,Materials,167.82,12.72,18.38,1.92,31.16,10.9,239.0,-3.26
AXON,Axon Enterprise,Industrials,422.89,34.35,175.47,1.52,6.22,35.3,0.0,-18.47
BKR,Baker Hughes,Energy,56.7,56.28,18.23,1.57,16.46,-2.4,163.0,-6.06
BALL,Ball Corporation,Materials,58.46,15.47,16.66,0.98,17.15,19.7,137.0,-4.01
BAC,Bank of America,Financials,54.32,379.85,12.55,0.85,11.2,16.8,239.0,-9.33
BAX,Baxter International,Health Care,24.35,12.59,,36.68,-14.37,5.3,17.0,-3.49
BDX,Becton Dickinson,Health Care,183.75,50.05,42.73,1.11,6.61,5.4,230.0,1.32
BRK-B,Berkshire Hathaway,Financials,515.62,1103.79,12.97,10.06,12.12,10.0,0.0,1.55
BBY,Best Buy,Consumer Discretionary,87.01,18.25,14.48,1.66,43.13,3.6,434.0,0.2
TECH,Bio-Techne,Health Care,72.46,11.36,62.47,2.11,9.03,1.3,44.0,0.21
BIIB,Biogen,Health Care,225.71,33.35,40.09,2.25,4.58,3.4,0.0,3.99
BLK,BlackRock,Financials,1082.39,167.63,25.91,0.89,12.28,30.6,215.0,-2.14
BX,Blackstone Inc.,Financials,114.29,85.79,25.57,1.1,31.37,28.6,464.0,-12.5
XYZ,"Block, Inc.",Financials,77.24,46.41,137.93,0.58,1.61,9.3,0.0,-2.43
BE,Bloom Energy,Industrials,280.5,82.61,369.08,0.62,22.21,165.5,0.0,13.8
BNY,BNY Mellon,Financials,142.71,96.83,16.65,1.09,14.12,13.1,155.0,-8.59
BA,Boeing,Industrials,190.37,150.46,67.99,1.35,173.54,8.0,0.0,-9.24
BKNG,Booking Holdings,Consumer Discretionary,160.34,120.48,17.78,0.88,,8.1,105.0,-13.79
BSX,Boston Scientific,Health Care,42.73,61.93,17.3,0.59,15.34,7.5,0.0,-8.18
BMY,Bristol Myers Squibb,Health Care,59.12,120.77,13.02,16.59,46.6,5.7,423.0,-6.95
AVGO,Broadcom,Information Technology,361.54,1725.86,46.17,0.36,44.25,85.5,72.0,-2.65
BR,Broadridge Financial Solutions,Industrials,165.45,18.68,17.23,1.8,40.92,7.5,264.0,-1.89
BRO,Brown & Brown,Financials,62.88,21.04,19.84,1.51,10.02,32.4,104.0,-7.1
BF-B,Brown–Forman,Consumer Staples,26.39,12.11,17.03,2.02,18.12,-1.4,348.0,-2.14
BG,Bunge Global,Consumer Staples,102.73,19.74,20.46,1.37,7.18,88.3,267.0,-8.95
BXP,"BXP, Inc.",Real Estate,59.05,9.43,31.75,2.2,5.31,3.7,472.0,-9.2
CHRW,C.H. Robinson,Industrials,142.31,16.6,27.16,1.72,37.12,19.3,178.0,-3.78
CDNS,Cadence Design Systems,Information Technology,352.84,97.17,70.15,2.67,23.23,24.2,0.0,10.09
CPT,Camden Property Trust,Real Estate,97.58,11.29,32.2,9.17,7.89,-0.8,438.0,-5.38
COF,Capital One,Financials,199.26,122.24,12.8,0.18,9.03,1111.0,160.0,-5.03
CAH,Cardinal Health,Health Care,237.57,55.01,32.86,1.2,,5.8,86.0,2.05
CCL,Carnival Corporation,Consumer Discretionary,26.35,35.43,11.61,0.9,24.0,3.5,172.0,4.87
CARR,Carrier Global,Industrials,55.56,45.8,40.26,1.09,8.97,3.9,172.0,-5.19
CVNA,Carvana,Consumer Discretionary,63.73,45.88,33.72,,58.77,52.4,0.0,-7.27
CASY,Casey's,Consumer Staples,646.27,23.89,31.13,2.9,19.98,24.3,40.0,-10.56
CAT,Caterpillar Inc.,Industrials,800.47,367.96,34.46,1.39,56.97,24.0,82.0,-2.62
CBOE,Cboe Global Markets,Financials,304.16,31.76,23.71,2.6,26.3,22.9,117.0,6.15
CBRE,CBRE Group,Real Estate,130.8,37.88,29.93,0.7,15.8,15.5,0.0,-8.17
CDW,CDW Corporation,Information Technology,142.17,17.77,17.09,1.33,44.01,10.0,180.0,0.28
COR,Cencora,Health Care,323.85,61.8,24.04,0.67,96.87,5.1,75.0,1.83
CNC,Centene Corporation,Health Care,65.36,32.29,,0.78,-20.36,4.6,0.0,0.7
CNP,CenterPoint Energy,Utilities,38.6,25.43,22.84,1.95,9.83,10.7,250.0,-1.27
CF,CF Industries,Materials,111.54,16.88,8.27,0.49,29.87,17.6,211.0,-9.55
CRL,Charles River Laboratories,Health Care,301.79,14.41,,0.12,-7.52,-2.7,0.0,6.58
SCHW,Charles Schwab Corporation,Financials,96.7,167.23,17.61,0.82,20.27,20.9,132.0,-8.36
CHTR,Charter Communications,Communication Services,103.38,11.83,2.69,0.62,27.2,-1.7,0.0,-24.73
CVX,Chevron Corporation,Energy,211.98,415.82,20.4,0.93,12.23,53.5,337.0,4.0
CMG,Chipotle Mexican Grill,Consumer Discretionary,31.59,40.05,28.98,1.46,49.56,9.3,0.0,-8.16
CB,Chubb Limited,Financials,341.2,131.63,12.09,2.59,14.82,6.1,119.0,0.35
CHD,Church & Dwight,Consumer Staples,98.11,23.27,31.45,2.75,17.04,1.6,126.0,-0.09
CIEN,Ciena,Information Technology,449.77,63.78,100.62,0.43,22.4,37.0,0.0,18.16
CI,Cigna,Health Care,282.43,74.63,11.68,0.77,16.76,6.7,222.0,2.11
CINF,Cincinnati Financial,Financials,163.39,25.08,7.71,2.19,21.48,31.6,228.0,-3.16
CTAS,Cintas,Industrials,202.41,80.87,39.92,3.15,41.38,10.9,103.0,1.04
CSCO,Cisco,Information Technology,118.39,466.76,35.55,1.06,27.32,17.6,146.0,5.76
C,Citigroup,Financials,129.64,217.46,14.0,0.61,8.53,15.5,209.0,-2.98
CFG,Citizens Financial Group,Financials,63.57,26.77,13.85,1.65,8.27,14.7,287.0,-7.89
CLX,Clorox,Consumer Staples,83.8,10.13,17.42,1.04,163.76,-2.0,599.0,-10.8
CME,CME Group,Financials,280.56,100.88,23.8,4.81,15.8,0.8,188.0,3.49
CMS,CMS Energy,Utilities,65.49,20.54,19.67,2.36,9.16,-0.5,349.0,-2.93
KO,Coca-Cola Company (The),Consumer Staples,88.05,378.84,26.44,3.99,42.05,6.7,242.0,0.45
CTSH,Cognizant,Information Technology,59.2,26.67,12.73,0.87,14.92,4.5,220.0,-0.64
COHR,Coherent Corp.,Information Technology,312.62,61.22,75.88,0.92,7.98,33.7,0.0,2.8
COIN,Coinbase,Financials,179.39,47.33,,1.74,-7.85,-17.3,0.0,2.76
CL,Colgate-Palmolive,Consumer Staples,88.27,70.37,34.75,1.61,267.37,4.9,241.0,-1.0
CMCSA,Comcast,Communication Services,20.66,73.31,6.66,142.98,11.49,-1.2,622.0,-14.29
FIX,Comfort Systems USA,Industrials,1715.69,60.38,42.22,0.57,55.29,50.3,21.0,3.08
COP,ConocoPhillips,Energy,134.1,163.37,17.76,1.05,14.18,35.5,250.0,3.79
ED,Consolidated Edison,Utilities,106.1,39.24,17.48,2.1,8.96,13.2,331.0,-0.07
STZ,Constellation Brands,Consumer Staples,122.64,20.94,10.98,1.57,24.01,6.1,333.0,-2.53
CEG,Constellation Energy,Utilities,298.07,105.61,29.14,3.74,15.06,23.0,60.0,8.83
COO,Cooper Companies (The),Health Care,54.37,10.34,18.68,0.51,6.84,0.6,0.0,-16.78
CPRT,Copart,Industrials,27.32,25.31,17.63,2.76,16.16,2.4,0.0,-9.64
GLW,Corning Inc.,Information Technology,156.68,134.96,71.87,0.91,16.81,16.6,73.0,0.86
CPAY,Corpay,Financials,397.92,26.13,24.19,0.77,29.22,21.5,0.0,-1.4
CSGP,CoStar Group,Real Estate,29.67,12.02,164.83,0.11,0.89,18.4,0.0,-1.75
COST,Costco,Consumer Staples,946.92,419.61,45.61,4.77,28.4,11.1,62.0,1.66
CRH,CRH plc,Materials,81.54,54.25,14.41,1.59,15.81,5.6,191.0,-10.32
CRWD,CrowdStrike,Information Technology,275.04,281.62,5500.8,6.79,1.46,25.8,0.0,20.26
CCI,Crown Castle,Real Estate,79.64,33.88,32.37,0.54,,-4.9,617.0,9.56
CSX,CSX Corporation,Industrials,47.26,87.55,27.48,1.7,24.36,10.1,118.0,-3.49
CMI,Cummins,Industrials,523.39,72.05,26.74,1.05,21.11,9.4,169.0,-7.9
CVS,CVS Health,Health Care,86.16,110.2,22.67,0.21,6.21,7.1,303.0,-7.26
DHR,Danaher Corporation,Health Care,219.81,154.52,39.18,1.3,7.61,5.5,74.0,4.3
DRI,Darden Restaurants,Consumer Discretionary,197.66,22.36,19.19,2.05,55.43,5.1,323.0,-6.46
DDOG,Datadog,Information Technology,293.26,105.3,586.52,1.41,4.7,35.6,0.0,18.79
DVA,DaVita,Health Care,179.25,11.44,15.14,0.43,88.48,5.2,0.0,-2.31
DECK,Deckers Brands,Consumer Discretionary,82.89,11.29,11.72,1.01,42.56,5.7,0.0,-3.53
DE,Deere & Company,Industrials,620.93,167.42,34.52,1.51,18.24,4.9,99.0,-4.7
DELL,Dell Technologies,Information Technology,586.06,372.62,34.07,0.58,,57.7,44.0,15.9
DAL,Delta Air Lines,Industrials,82.17,54.04,13.63,0.21,20.12,18.7,105.0,-1.76
DVN,Devon Energy,Energy,48.26,53.09,10.51,2.92,11.52,64.2,262.0,2.31
DXCM,Dexcom,Health Care,84.11,31.74,33.38,2.11,38.49,13.1,0.0,-3.82
FANG,Diamondback Energy,Energy,192.13,53.8,36.6,21.24,3.49,52.5,230.0,-2.17
DLR,Digital Realty,Real Estate,178.76,66.32,86.78,11.37,2.91,29.9,277.0,-3.87
DG,Dollar General,Consumer Staples,127.23,28.07,16.52,1.55,19.69,5.2,190.0,2.94
DLTR,Dollar Tree,Consumer Staples,118.64,22.26,14.45,1.2,46.03,7.0,0.0,-3.63
D,Dominion Energy,Utilities,61.64,54.21,21.33,2.4,8.28,17.6,432.0,-4.76
DPZ,Domino's,Consumer Discretionary,309.36,10.23,17.54,1.41,,4.3,258.0,-4.92
DASH,DoorDash,Consumer Discretionary,196.5,85.14,103.42,0.87,8.89,35.6,0.0,-4.72
DOV,Dover Corporation,Industrials,188.83,25.43,22.83,1.47,14.91,6.9,111.0,-3.71
DOW,Dow Inc.,Materials,28.42,20.53,,38.89,-5.54,19.7,490.0,-3.79
DHI,D. R. Horton,Consumer Discretionary,134.88,37.73,12.86,1.14,12.63,,133.0,-5.57
DTE,DTE Energy,Utilities,126.9,26.41,20.11,1.63,11.03,-1.5,367.0,-3.97
DUK,Duke Energy,Utilities,116.65,90.95,17.57,2.18,9.86,1.1,371.0,-2.26
DD,DuPont,Industrials,130.0,17.56,34.95,1.72,1.79,4.0,181.0,-3.32
ETN,Eaton Corporation,Industrials,429.65,166.88,43.71,2.58,19.68,21.4,104.0,0.78
EBAY,eBay Inc.,Consumer Discretionary,112.19,49.92,23.62,1.57,46.61,14.8,111.0,5.11
ECHO,EchoStar,Communication Services,94.84,27.58,,1.33,-33.43,-4.0,0.0,4.69
ECL,Ecolab,Materials,281.83,79.01,37.83,2.54,21.96,9.7,104.0,1.12
EIX,Edison International,Utilities,55.3,21.28,5.7,2.41,19.73,-4.1,646.0,-9.28
EW,Edwards Lifesciences,Health Care,85.21,49.12,50.72,1.8,9.18,13.6,0.0,-3.85
ELV,Elevance Health,Health Care,412.7,89.5,18.27,1.31,11.13,1.4,172.0,3.53
EME,Emcor,Industrials,789.45,34.82,24.58,0.32,40.35,19.8,21.0,1.51
EMR,Emerson Electric,Industrials,161.83,90.27,35.41,1.83,12.8,7.0,140.0,3.91
ETR,Entergy,Utilities,102.8,49.12,26.29,1.57,10.25,5.9,250.0,-1.68
EOG,EOG Resources,Energy,148.16,77.71,11.53,1.31,22.51,58.7,275.0,2.48
EQT,EQT Corporation,Energy,52.83,33.05,12.26,1.55,11.08,-3.9,125.0,0.05
EFX,Equifax,Industrials,145.78,17.13,25.67,1.23,14.27,10.6,154.0,-14.0
EQIX,Equinix,Real Estate,1026.06,101.24,66.03,2.9,10.73,16.7,204.0,-1.42
ERIE,Erie Indemnity,Financials,222.04,11.61,20.13,2.67,24.81,2.8,258.0,-8.49
ESS,Essex Property Trust,Real Estate,271.57,17.45,42.23,7.02,7.71,3.1,386.0,-1.78
EL,Estée Lauder Companies (The),Consumer Staples,98.05,35.53,196.1,2.12,4.75,6.3,148.0,3.48
EG,Everest Group,Financials,368.37,14.12,7.79,0.97,12.57,-11.3,214.0,-0.66
EVRG,Evergy,Utilities,80.96,18.67,20.6,2.07,9.25,4.4,345.0,-0.06
P,Everpure,Information Technology,154.49,51.48,211.63,1.74,17.71,37.7,0.0,40.83
ES,Eversource Energy,Utilities,65.73,24.76,17.03,2.25,9.02,2.3,480.0,-3.97
EXC,Exelon,Utilities,41.76,43.02,15.35,2.24,9.71,9.9,403.0,-3.17
EXE,Expand Energy,Energy,88.22,20.42,7.61,0.82,14.89,-10.6,259.0,-4.74
EXPE,Expedia Group,Consumer Discretionary,274.22,32.91,17.13,0.71,89.49,14.0,71.0,-7.26
EXPD,Expeditors International,Industrials,193.24,25.12,28.13,3.07,42.67,32.1,84.0,3.31
EXR,Extra Space Storage,Real Estate,134.65,28.45,29.72,5.29,6.95,3.8,487.0,-3.53
XOM,ExxonMobil,Energy,168.94,694.67,21.74,1.49,12.58,44.1,245.0,4.71
FFIV,"F5, Inc.",Information Technology,479.83,27.17,38.23,1.65,19.83,10.9,0.0,14.64
FDS,FactSet,Financials,287.18,10.21,19.71,1.27,25.47,6.3,162.0,1.45
FICO,Fair Isaac,Information Technology,667.58,14.42,19.33,0.67,,25.7,0.0,-31.17
FAST,Fastenal,Industrials,50.75,58.24,43.38,3.36,34.33,14.7,190.0,1.11
FRT,Federal Realty Investment Trust,Real Estate,106.16,9.22,21.45,3.59,12.55,7.2,440.0,-6.39
FDX,FedEx,Industrials,291.71,69.04,15.73,1.23,14.85,12.5,167.0,-6.05
FDXF,FedEx Freight,Industrials,115.47,17.26,26.36,,69.09,4.8,0.0,-9.98
FERG,Ferguson Enterprises,Industrials,220.04,42.57,21.66,1.34,,4.6,164.0,-4.61
FIS,Fidelity National Information Services,Financials,34.04,17.55,5.23,0.18,22.35,29.1,513.0,-11.75
FITB,Fifth Third Bancorp,Financials,50.64,45.93,17.05,1.61,8.44,51.8,331.0,-5.93
FSLR,First Solar,Information Technology,177.82,19.11,10.96,0.33,18.51,-3.7,0.0,-13.28
FE,FirstEnergy,Utilities,45.0,26.04,24.06,1.49,9.49,8.8,415.0,-1.78
FISV,Fiserv,Financials,45.63,24.26,8.76,,,,0.0,-9.11
FLEX,Flex Ltd.,Information Technology,119.83,44.27,46.27,0.94,18.38,20.6,0.0,4.49
F,Ford Motor Company,Consumer Discretionary,12.17,48.53,,8.48,-18.25,-3.8,490.0,-9.87
FTNT,Fortinet,Information Technology,194.75,142.89,68.82,2.08,117.44,25.6,0.0,16.36
FTV,Fortive,Industrials,57.26,17.29,30.14,0.98,7.32,7.9,50.0,-1.17
FOXA,Fox Corporation (Class A),Communication Services,62.41,26.32,16.25,1.14,14.29,28.1,91.0,-3.57
FOX,Fox Corporation (Class B),Communication Services,55.89,23.57,14.55,,14.29,28.1,102.0,-3.27
BEN,Franklin Resources,Financials,32.0,16.26,21.77,0.4,7.89,14.3,407.0,-3.97
FCX,Freeport-McMoRan,Materials,73.69,105.82,36.3,4.45,14.75,-7.3,84.0,2.97
GRMN,Garmin,Consumer Discretionary,268.36,51.75,27.69,2.85,21.89,11.4,156.0,-6.87
IT,Gartner,Information Technology,191.15,12.07,17.28,0.78,113.58,-0.6,0.0,2.82
GE,GE Aerospace,Industrials,308.2,319.78,36.34,3.89,48.23,21.1,62.0,-8.34
GEHC,GE HealthCare,Health Care,65.74,29.69,15.11,1.6,19.38,5.8,25.0,-4.26
GEV,GE Vernova,Industrials,1004.73,267.59,28.81,1.96,82.58,21.9,20.0,3.72
GEN,Gen Digital,Information Technology,23.25,13.92,13.6,1.17,41.94,6.3,220.0,-15.56
GNRC,Generac,Industrials,224.94,13.29,51.71,0.63,9.49,10.6,0.0,10.62
GD,General Dynamics,Industrials,331.27,89.63,20.21,2.04,17.8,8.1,193.0,-8.96
GIS,General Mills,Consumer Staples,32.29,17.27,,11.74,-10.49,-2.8,749.0,-12.04
GM,General Motors,Consumer Discretionary,82.73,72.59,37.1,0.29,3.16,1.9,88.0,-2.37
GPC,Genuine Parts Company,Consumer Discretionary,127.02,17.51,508.08,1.32,0.71,6.0,332.0,-3.36
GILD,Gilead Sciences,Health Care,151.17,187.44,,2.19,-20.68,10.2,223.0,4.82
GPN,Global Payments,Financials,82.2,21.75,38.59,0.2,2.43,68.6,121.0,-6.09
GL,Globe Life,Financials,164.17,12.62,10.89,1.3,20.94,8.0,79.0,-5.1
GDDY,GoDaddy,Information Technology,104.35,13.22,15.53,0.56,442.86,6.6,0.0,7.82
GS,Goldman Sachs,Financials,895.32,260.69,13.83,1.11,16.9,42.5,227.0,-9.35
HAL,Halliburton,Energy,32.55,27.12,17.13,0.67,14.92,3.7,209.0,-4.15
HIG,Hartford (The),Financials,129.11,34.97,9.14,0.12,22.06,8.1,185.0,-4.05
HAS,Hasbro,Consumer Discretionary,93.32,13.16,16.69,1.69,159.56,16.2,303.0,1.76
HCA,HCA Healthcare,Health Care,451.09,97.66,15.12,1.36,,8.7,70.0,7.34
DOC,Healthpeak Properties,Real Estate,18.8,12.96,53.71,4.32,3.04,11.1,659.0,-8.13
HSIC,Henry Schein,Health Care,84.01,9.36,24.49,1.69,8.85,6.7,0.0,-4.1
HSY,Hershey Company (The),Consumer Staples,162.74,32.7,22.23,0.82,32.81,6.6,357.0,-6.53
HPE,Hewlett Packard Enterprise,Information Technology,73.46,97.52,37.87,0.57,10.94,33.7,80.0,26.48
HLT,Hilton Worldwide,Consumer Discretionary,326.56,73.5,47.88,1.34,,2.5,19.0,2.92
HD,Home Depot (The),Consumer Discretionary,290.74,290.07,20.35,1.56,104.3,5.7,315.0,-8.14
HONA,Honeywell Aerospace,Industrials,157.94,50.06,48.15,0.98,,5.4,0.0,-3.8
HON,Honeywell Technologies,Industrials,207.73,65.84,7.67,3.38,46.58,4.3,136.0,-4.71
HRL,Hormel Foods,Consumer Staples,19.19,10.56,30.95,1.34,4.29,-2.4,602.0,-13.06
HST,Host Hotels & Resorts,Real Estate,22.65,15.52,15.3,3.42,15.56,3.6,355.0,0.68
HWM,Howmet Aerospace,Industrials,225.26,89.83,48.55,0.8,34.73,24.1,25.0,-10.8
HPQ,HP Inc.,Information Technology,30.2,27.23,11.53,3.46,,12.5,370.0,-2.17
HUBB,Hubbell Incorporated,Industrials,474.11,25.05,28.07,1.98,24.44,15.3,119.0,0.53
HUM,Humana,Health Care,431.87,51.86,40.82,1.3,6.89,26.2,91.0,11.3
HBAN,Huntington Bancshares,Financials,15.32,30.95,11.78,1.84,9.0,47.6,404.0,-6.87
HII,Huntington Ingalls Industries,Industrials,264.8,10.43,15.78,0.81,12.97,10.9,208.0,-8.88
IBM,IBM,Information Technology,227.13,213.99,20.19,2.14,34.46,1.1,298.0,-2.05
IEX,IDEX Corporation,Industrials,234.29,17.27,33.71,1.76,12.96,6.4,126.0,1.92
IDXX,Idexx Laboratories,Health Care,518.0,40.81,36.4,2.81,74.21,9.7,0.0,-3.97
ITW,Illinois Tool Works,Industrials,264.13,75.22,23.95,2.46,104.62,6.1,260.0,-3.92
ILMN,"Illumina, Inc.",Health Care,278.17,42.0,51.9,3.26,32.34,9.4,0.0,22.59
INCY,Incyte,Health Care,112.79,22.86,14.37,10.82,30.67,37.7,0.0,-8.01
IR,Ingersoll Rand,Industrials,78.75,30.55,32.41,0.63,9.47,8.5,10.0,0.26
PODD,Insulet Corporation,Health Care,135.28,9.38,25.33,1.06,26.02,23.5,0.0,-4.79
INTC,Intel,Information Technology,104.7,550.15,,1.36,-10.71,25.4,0.0,1.57
IBKR,Interactive Brokers,Financials,87.87,39.81,34.87,1.4,24.02,26.3,40.0,-2.81
ICE,Intercontinental Exchange,Financials,156.19,87.68,22.03,2.15,14.09,4.8,134.0,0.62
IFF,International Flavors & Fragrances,Materials,84.55,21.57,83.71,1.75,-5.55,1.8,189.0,0.34
IP,International Paper,Materials,32.12,17.01,,1.58,-16.48,-2.2,580.0,-13.4
INTU,Intuit,Information Technology,302.75,80.91,18.39,0.96,23.6,13.7,182.0,-5.47
ISRG,Intuitive Surgical,Health Care,423.96,149.78,48.62,1.93,17.42,18.5,0.0,9.81
IVZ,Invesco,Financials,29.51,13.03,,0.9,-0.57,20.5,286.0,-6.13
INVH,Invitation Homes,Real Estate,26.79,15.82,24.58,13.14,7.05,10.1,453.0,-4.89
IQV,IQVIA,Health Care,259.88,42.78,32.28,0.94,22.82,8.7,0.0,1.17
IRM,Iron Mountain,Real Estate,114.51,34.09,81.79,2.7,,18.5,306.0,-2.42
JBHT,J.B. Hunt,Industrials,229.26,21.53,32.61,1.65,18.45,19.4,79.0,-10.29
JBL,Jabil,Information Technology,306.28,32.09,31.41,0.82,66.37,28.6,11.0,-3.29
JKHY,Jack Henry & Associates,Financials,149.31,10.47,21.39,1.81,24.04,4.7,164.0,-4.43
J,Jacobs Solutions,Industrials,139.15,16.29,46.23,0.42,8.0,34.5,104.0,-2.94
JNJ,Johnson & Johnson,Health Care,261.44,630.04,30.29,2.69,25.74,6.6,209.0,-1.3
JCI,Johnson Controls,Industrials,157.44,95.37,44.47,1.76,14.33,9.3,104.0,6.99
JPM,JPMorgan Chase,Financials,332.99,885.15,14.27,1.53,17.79,30.4,199.0,-4.46
KVUE,Kenvue,Consumer Staples,17.7,34.0,20.58,1.41,15.58,3.0,474.0,-3.05
KDP,Keurig Dr Pepper,Consumer Staples,31.76,43.22,32.08,0.97,5.1,75.6,294.0,2.12
KEY,KeyCorp,Financials,19.97,21.31,11.61,1.31,10.33,10.1,408.0,-7.01
KEYS,Keysight Technologies,Information Technology,382.75,65.16,51.79,0.74,20.9,36.5,0.0,12.12
KMB,Kimberly-Clark,Consumer Staples,97.59,32.46,19.25,2.0,104.91,0.6,524.0,-5.33
KIM,Kimco Realty,Real Estate,22.16,14.86,26.07,3.37,5.81,4.9,507.0,-4.94
KMI,Kinder Morgan,Energy,32.49,72.35,20.96,3.29,10.99,10.8,366.0,3.22
KKR,KKR & Co.,Financials,90.95,81.64,29.06,0.38,7.28,7.8,87.0,-11.04
KLAC,KLA Corporation,Information Technology,195.57,255.22,53.43,1.88,87.5,15.2,47.0,4.06
KHC,Kraft Heinz,Consumer Staples,22.27,26.41,,0.99,-8.76,-1.4,712.0,-8.51
KR,Kroger,Consumer Staples,61.64,36.4,34.24,0.59,14.44,2.0,254.0,5.82
LHX,L3Harris,Industrials,236.97,44.13,23.89,1.18,9.34,8.4,211.0,-8.35
LH,Labcorp,Health Care,312.15,25.32,25.82,1.22,11.73,5.8,92.0,-2.32
LRCX,Lam Research,Information Technology,318.84,399.0,55.35,1.49,65.07,30.0,41.0,2.7
LVS,Las Vegas Sands,Consumer Discretionary,36.17,23.43,14.07,0.77,122.87,-0.7,332.0,-15.22
LDOS,Leidos,Industrials,121.68,15.27,11.36,2.46,27.78,7.2,144.0,-6.81
LEN,Lennar,Consumer Discretionary,76.69,18.24,14.52,11.3,5.96,-8.7,258.0,-6.87
LII,Lennox International,Industrials,356.44,12.32,15.72,0.92,71.76,3.0,150.0,-7.97
LLY,Lilly (Eli),Health Care,1179.27,1051.6,39.59,1.13,102.29,47.7,59.0,0.48
LIN,Linde plc,Materials,483.73,222.99,31.23,1.86,18.4,9.3,133.0,1.36
LYV,Live Nation Entertainment,Communication Services,170.33,39.68,,4.47,17.68,9.4,0.0,-3.35
LMT,Lockheed Martin,Industrials,509.59,117.61,18.78,0.96,89.17,10.5,272.0,-6.92
L,Loews Corporation,Financials,106.69,21.81,13.07,1.32,9.31,3.9,23.0,-2.64
LOW,Lowe's,Consumer Discretionary,186.0,104.29,15.72,1.2,,8.3,265.0,-8.01
LULU,Lululemon Athletica,Consumer Discretionary,94.5,10.95,7.78,0.93,30.9,-4.3,0.0,-13.65
LITE,Lumentum,Information Technology,1103.35,99.95,,0.63,-240.03,109.3,0.0,19.89
LYB,LyondellBasell,Materials,60.03,19.39,,1.53,-2.27,19.8,457.0,-3.32
MTB,M&T Bank,Financials,217.49,31.41,11.5,1.29,10.74,6.2,276.0,-7.36
MPC,Marathon Petroleum,Energy,455.03,127.78,15.76,1.07,42.1,53.7,86.0,20.14
MAR,Marriott International,Consumer Discretionary,365.88,95.41,37.88,1.81,,11.1,81.0,4.61
MRSH,Marsh McLennan,Financials,175.76,83.87,21.49,1.55,25.9,6.2,224.0,-3.11
MLM,Martin Marietta Materials,Materials,478.35,33.97,31.1,1.82,8.89,21.0,70.0,-6.78
MRVL,Marvell Technology,Information Technology,275.28,247.4,90.55,0.75,16.52,36.5,9.0,16.4
MAS,Masco,Industrials,68.75,13.56,15.84,1.59,5862.5,-2.9,184.0,-3.52
MA,Mastercard,Financials,589.14,516.09,32.41,1.5,241.2,14.1,61.0,2.98
MKC,McCormick & Company,Consumer Staples,44.81,12.06,8.1,3.01,22.62,17.4,418.0,-12.34
MCD,McDonald's,Consumer Discretionary,235.23,166.46,19.11,2.5,,3.7,326.0,-7.68
MCK,McKesson Corporation,Health Care,938.84,109.46,25.16,1.75,,7.7,40.0,6.29
MDT,Medtronic,Health Care,88.48,113.18,21.74,1.58,10.65,13.7,328.0,-1.17
MRK,Merck & Co.,Health Care,145.6,359.22,115.56,2.6,6.96,5.1,239.0,1.86
META,Meta Platforms,Communication Services,718.67,1830.82,27.08,0.95,29.85,28.0,29.0,12.4
MET,MetLife,Financials,98.33,62.49,18.84,0.52,13.09,10.5,241.0,1.89
MTD,Mettler Toledo,Health Care,1549.99,31.06,34.93,2.84,,4.5,0.0,8.71
MGM,MGM Resorts,Consumer Discretionary,29.27,7.49,18.07,0.38,18.92,1.0,0.0,-25.7
MCHP,Microchip Technology,Information Technology,75.55,41.02,111.1,0.23,7.19,38.0,241.0,-0.47
MU,Micron Technology,Information Technology,1029.0,1162.15,13.84,0.16,88.26,379.3,6.0,5.41
MSFT,Microsoft,Information Technology,535.07,3973.19,29.81,1.7,34.04,17.7,75.0,6.97
MAA,Mid-America Apartment Communities,Real Estate,116.86,13.56,34.17,7.03,7.05,1.0,527.0,-7.2
MRNA,Moderna,Health Care,225.0,89.83,,,-39.0,2.1,0.0,62.74
MDLZ,Mondelez International,Consumer Staples,60.41,77.1,22.21,0.9,13.34,4.1,343.0,-1.29
MPWR,Monolithic Power Systems,Information Technology,1386.29,68.13,84.32,1.03,21.98,47.6,58.0,5.4
MNST,Monster Beverage,Consumer Staples,43.64,85.49,40.41,2.24,25.7,20.2,0.0,-3.04
MCO,Moody's Corporation,Financials,464.23,80.4,29.46,1.6,76.93,15.1,90.0,-2.9
MS,Morgan Stanley,Financials,190.02,298.44,15.35,1.62,17.97,28.0,245.0,-8.35
MOS,Mosaic Company (The),Materials,18.74,5.96,,2.02,-5.07,-6.0,446.0,-19.21
MSI,Motorola Solutions,Information Technology,444.18,73.51,34.97,1.97,91.57,13.3,108.0,-3.97
MSCI,MSCI,Financials,565.12,41.08,30.88,1.91,,12.2,146.0,1.14
NDAQ,"Nasdaq, Inc.",Financials,93.65,52.35,27.3,1.47,16.52,14.9,126.0,-0.93
NTAP,NetApp,Information Technology,237.15,46.58,33.45,2.56,114.82,29.9,90.0,19.61
NFLX,Netflix,Communication Services,70.3,292.72,22.11,1.22,49.54,13.4,0.0,-6.67
NEM,Newmont,Materials,117.84,124.17,14.86,2.78,25.91,15.1,90.0,-1.8
NWSA,News Corp (Class A),Communication Services,29.12,15.69,28.27,2.6,7.98,10.8,69.0,-0.91
NWS,News Corp (Class B),Communication Services,32.01,17.25,31.08,2.87,7.98,10.8,63.0,-2.89
NEE,NextEra Energy,Utilities,77.38,161.41,17.39,1.58,11.68,12.4,322.0,-5.22
NKE,"Nike, Inc.",Consumer Discretionary,34.71,51.56,16.69,1.48,21.56,-4.3,472.0,-8.56
NI,NiSource,Utilities,40.76,19.55,21.68,2.09,8.55,4.6,296.0,-0.98
NDSN,Nordson Corporation,Industrials,328.17,18.28,33.22,1.86,17.76,10.3,115.0,3.13
NSC,Norfolk Southern,Industrials,317.79,71.38,27.12,3.74,16.98,11.4,170.0,-3.31
NTRS,Northern Trust,Financials,168.21,30.77,14.45,0.95,17.07,36.4,195.0,-6.95
NOC,Northrop Grumman,Industrials,480.72,68.29,15.28,3.64,26.96,5.1,204.0,-9.44
NCLH,Norwegian Cruise Line Holdings,Consumer Discretionary,15.57,7.15,9.61,1.29,36.73,4.9,0.0,-4.53
NRG,NRG Energy,Utilities,107.97,22.7,28.26,0.41,23.77,11.0,179.0,-3.08
NUE,Nucor,Materials,250.33,56.79,19.96,5.21,14.55,23.0,91.0,-1.72
NVDA,Nvidia,Information Technology,229.28,5536.42,28.99,0.28,117.21,105.9,43.0,3.31
NVR,"NVR, Inc.",Consumer Discretionary,5899.16,15.72,15.33,4.97,31.54,-10.9,0.0,-5.51
NXPI,NXP Semiconductors,Information Technology,227.52,57.37,19.43,0.46,27.92,19.5,176.0,-1.06
ORLY,O'Reilly Automotive,Consumer Discretionary,86.45,69.93,27.44,2.11,,8.1,0.0,-1.72
OXY,Occidental Petroleum,Energy,60.11,60.09,17.08,1.21,10.63,53.4,186.0,2.62
ODFL,Old Dominion,Industrials,181.97,37.73,34.99,2.21,24.82,10.4,64.0,-5.19
OMC,Omnicom Group,Communication Services,76.48,20.98,201.26,15.97,6.05,63.4,419.0,-5.12
ON,ON Semiconductor,Information Technology,77.53,30.18,50.02,0.18,8.31,9.2,0.0,1.45
OKE,Oneok,Energy,89.8,56.61,15.51,1.71,16.28,52.8,474.0,-2.48
ORCL,Oracle Corporation,Information Technology,141.4,428.65,22.16,0.76,41.19,29.6,147.0,-2.98
OTIS,Otis Worldwide,Industrials,65.95,25.11,16.95,1.5,,7.3,266.0,-5.31
PCAR,Paccar,Industrials,108.04,56.87,22.75,0.77,12.76,0.5,128.0,-11.48
PKG,Packaging Corporation of America,Materials,230.51,20.54,29.98,1.48,14.89,14.7,261.0,-3.86
PLTR,Palantir Technologies,Information Technology,209.05,502.36,180.22,1.72,38.1,92.8,0.0,18.12
PANW,Palo Alto Networks,Information Technology,418.78,342.56,1046.95,2.03,1.74,34.5,0.0,12.92
PH,Parker Hannifin,Industrials,962.56,121.39,33.8,3.17,25.08,9.8,84.0,-2.4
PAYX,Paychex,Industrials,103.98,37.01,20.63,1.94,47.05,5.9,456.0,-10.0
PYPL,PayPal,Financials,55.53,47.5,10.5,0.97,24.5,4.8,102.0,-1.18
PNR,Pentair,Industrials,52.47,8.37,13.52,0.83,17.13,-17.0,207.0,-12.2
PEP,PepsiCo,Consumer Staples,125.97,171.66,16.51,1.31,52.19,5.6,461.0,-6.53
PFE,Pfizer,Health Care,28.28,161.19,37.21,12.73,5.01,2.6,618.0,2.4
PCG,PG&E Corporation,Utilities,13.13,39.42,9.51,0.53,9.32,0.1,158.0,-11.96
PM,Philip Morris International,Consumer Staples,201.19,313.58,28.91,2.41,,10.4,319.0,6.75
PSX,Phillips 66,Energy,278.18,111.0,15.9,0.9,23.45,53.1,180.0,12.61
PNW,Pinnacle West Capital,Utilities,98.92,11.99,18.99,3.51,9.37,7.1,372.0,1.7
PNC,PNC Financial Services,Financials,219.21,87.45,12.07,1.54,12.62,23.6,364.0,-8.28
PPG,PPG Industries,Materials,103.96,23.11,14.94,1.51,19.3,7.2,281.0,-5.5
PPL,PPL Corporation,Utilities,34.25,25.77,20.27,1.25,8.63,4.2,334.0,0.55
PFG,Principal Financial Group,Financials,107.24,22.96,15.28,1.06,12.95,6.4,306.0,-5.11
PG,Procter & Gamble,Consumer Staples,151.23,351.26,22.84,3.85,30.29,1.5,289.0,3.64
PGR,Progressive Corporation,Financials,217.43,126.2,10.9,67.07,34.94,7.3,18.0,1.54
PLD,Prologis,Real Estate,129.49,123.06,28.78,112.55,7.75,12.3,331.0,-4.9
PRU,Prudential Financial,Financials,113.09,39.02,10.24,0.66,12.01,14.1,493.0,-4.75
PEG,Public Service Enterprise Group,Utilities,72.28,36.03,17.98,3.4,11.83,-8.9,373.0,0.35
PTC,PTC Inc.,Information Technology,194.45,21.12,18.86,1.81,35.05,-6.8,0.0,30.67
PSA,Public Storage,Real Estate,289.86,54.16,27.68,3.82,21.93,3.3,420.0,-4.51
PHM,PulteGroup,Consumer Discretionary,112.12,21.36,11.44,0.95,14.9,-9.6,92.0,-8.9
PWR,Quanta Services,Industrials,705.94,106.13,80.86,1.53,15.34,41.1,6.0,8.31
QCOM,Qualcomm,Information Technology,175.5,187.41,20.31,0.78,33.75,-4.0,209.0,1.63
DGX,Quest Diagnostics,Health Care,230.97,25.49,24.52,1.5,14.6,10.2,149.0,-2.41
Q,Qnity Electronics,Information Technology,126.6,26.49,45.21,1.34,6.72,22.1,25.0,-0.72
RL,Ralph Lauren Corporation,Consumer Discretionary,371.28,22.12,23.4,1.97,37.54,14.0,109.0,2.84
RJF,Raymond James Financial,Financials,158.38,30.47,13.81,0.78,18.42,15.1,136.0,-7.11
RDDT,Reddit,Communication Services,159.91,30.77,37.19,0.78,30.71,61.1,0.0,3.81
RTX,RTX Corporation,Industrials,185.97,250.64,32.74,2.14,12.27,14.5,158.0,-8.46
O,Realty Income,Real Estate,54.18,51.27,39.26,2.73,3.23,9.6,601.0,-8.34
REG,Regency Centers,Real Estate,72.05,13.19,24.26,2.61,8.19,8.9,423.0,-3.29
REGN,Regeneron Pharmaceuticals,Health Care,746.54,76.86,18.46,1.26,14.04,16.7,51.0,-5.44
RF,Regions Financial Corporation,Financials,27.03,23.03,11.03,1.41,11.87,3.4,405.0,-8.16
RSG,Republic Services,Industrials,216.88,66.41,30.76,2.79,18.15,4.6,124.0,0.35
RMD,ResMed|,Health Care,230.05,32.35,22.06,1.32,24.27,8.6,116.0,2.24
RVTY,Revvity,Health Care,154.18,17.2,73.77,0.73,3.21,1.3,18.0,16.72
HOOD,Robinhood Markets,Financials,109.02,98.02,48.03,1.82,23.62,32.3,0.0,1.67
ROK,Rockwell Automation,Industrials,432.59,48.04,40.5,1.91,30.63,7.9,127.0,-0.6
ROL,"Rollins, Inc.",Industrials,31.98,15.39,29.07,2.59,37.01,7.9,226.0,-7.27
ROP,Roper Technologies,Information Technology,364.09,36.01,15.17,1.43,13.07,8.5,100.0,-6.07
ROST,Ross Stores,Consumer Discretionary,222.41,71.05,26.89,2.07,42.63,13.3,79.0,-5.46
RCL,Royal Caribbean Group,Consumer Discretionary,282.26,75.49,17.42,1.14,44.67,6.5,213.0,1.6
SPGI,S&P Global,Financials,407.82,120.23,24.82,1.93,14.26,10.4,96.0,-1.53
CRM,Salesforce,Information Technology,229.13,188.57,20.96,0.81,19.38,10.8,77.0,1.94
SNDK,Sandisk,Information Technology,1581.82,228.62,21.45,,91.64,371.6,0.0,-0.04
SBAC,SBA Communications,Real Estate,182.49,19.36,19.69,9.87,,2.3,294.0,2.0
SLB,Schlumberger,Energy,48.95,72.65,23.65,1.29,12.91,5.0,241.0,-7.08
STX,Seagate Technology,Information Technology,783.0,178.05,56.33,0.44,371.53,48.5,38.0,-8.39
SRE,Sempra,Utilities,81.34,53.19,23.51,0.7,6.68,-0.1,328.0,-1.3
NOW,ServiceNow,Information Technology,140.86,145.63,88.04,1.01,14.24,24.0,0.0,6.53
SHW,Sherwin-Williams,Materials,319.36,77.53,29.43,2.07,65.12,7.5,100.0,-5.21
SPG,Simon Property Group,Real Estate,199.42,64.52,14.07,4.58,120.51,19.5,446.0,-5.23
SKYD,Skydance Corporation,Communication Services,9.16,46.19,,1.05,-0.9,0.9,216.0,-8.43
SWKS,Skyworks Solutions,Information Technology,76.35,17.95,39.56,1.67,5.09,-3.1,0.0,0.28
SJM,J.M. Smucker Company (The),Consumer Staples,119.83,12.8,56.0,2.17,3.93,5.0,375.0,-1.65
SW,Smurfit Westrock,Materials,41.29,21.66,43.46,0.26,2.71,1.1,436.0,-9.99
SNA,Snap-on,Industrials,360.37,18.64,18.37,1.84,17.93,4.2,272.0,-6.33
SOLV,Solventum,Health Care,87.29,14.86,10.68,1.22,33.96,2.2,0.0,-1.28
SO,Southern Company,Utilities,86.17,99.13,20.76,2.04,11.48,0.1,353.0,-2.17
LUV,Southwest Airlines,Industrials,41.66,20.38,26.04,0.2,11.1,16.4,174.0,-0.27
SWK,Stanley Black & Decker,Industrials,88.57,13.38,21.66,1.39,6.89,0.4,377.0,-6.23
SBUX,Starbucks,Consumer Discretionary,90.75,103.45,52.46,1.03,,-1.4,270.0,-10.27
STT,State Street Corporation,Financials,174.96,48.06,15.43,0.64,12.44,18.4,210.0,-5.24
STLD,Steel Dynamics,Materials,238.38,34.17,21.61,11.95,17.57,33.4,91.0,-1.03
STE,Steris,Health Care,214.4,20.9,26.21,1.76,11.39,7.3,122.0,-3.48
SYK,Stryker Corporation,Health Care,277.33,106.38,28.74,1.3,16.51,9.4,127.0,-8.77
SMCI,Supermicro,Information Technology,41.85,27.5,12.84,0.91,21.47,93.2,0.0,10.13
SYF,Synchrony Financial,Financials,72.8,23.69,7.45,0.9,20.79,0.6,184.0,-4.7
SNPS,Synopsys,Information Technology,509.99,97.73,90.1,2.67,3.66,42.4,0.0,21.47
SYY,Sysco,Consumer Staples,78.14,38.44,21.35,1.09,77.69,4.7,281.0,-3.04
TMUS,T-Mobile US,Communication Services,148.58,159.38,15.53,0.61,17.99,7.9,273.0,-14.82
TROW,T. Rowe Price,Financials,105.16,22.43,10.56,2.15,19.4,10.7,499.0,-2.41
TTWO,Take-Two Interactive,Communication Services,213.44,39.91,,2.87,-9.04,2.0,0.0,-4.08
TPR,"Tapestry, Inc.",Consumer Discretionary,116.24,23.07,15.99,1.66,197.13,8.9,160.0,-8.46
TRGP,Targa Resources,Energy,286.7,61.48,27.41,1.25,70.84,4.2,173.0,1.29
TGT,Target Corporation,Consumer Staples,153.64,69.8,15.95,2.12,26.41,5.3,300.0,-1.89
TEL,TE Connectivity,Information Technology,218.29,63.2,21.38,0.92,23.29,13.8,146.0,3.95
TDY,Teledyne Technologies,Information Technology,613.66,28.45,29.69,1.4,9.15,9.8,0.0,-2.65
TER,Teradyne,Information Technology,402.68,62.96,55.31,0.73,36.46,103.9,13.0,5.19
TSLA,"Tesla, Inc.",Consumer Discretionary,382.7,1511.49,354.35,4.48,4.67,25.5,0.0,7.88
TXN,Texas Instruments,Information Technology,283.74,259.12,43.19,1.03,35.18,22.8,211.0,4.36
TPL,Texas Pacific Land Corporation,Energy,360.98,24.9,46.04,7.33,36.57,31.2,67.0,0.14
TXT,Textron,Industrials,74.16,12.75,13.97,0.85,12.13,3.0,11.0,-9.0
TMO,Thermo Fisher Scientific,Health Care,658.02,243.3,35.42,1.94,13.51,10.5,29.0,5.09
TJX,TJX Companies,Consumer Discretionary,138.76,152.63,25.7,2.46,62.17,5.4,138.0,-0.04
TKO,TKO Group Holdings,Communication Services,178.01,13.01,62.24,1.52,7.06,18.2,174.0,-4.86
TSCO,Tractor Supply,Consumer Discretionary,33.7,17.56,17.55,2.11,39.51,2.3,287.0,0.3
TT,Trane Technologies,Industrials,476.98,104.95,35.54,1.66,36.64,10.6,89.0,4.91
TDG,TransDigm Group,Industrials,1107.99,61.25,33.61,3.05,,22.5,0.0,-4.65
TRV,Travelers Companies (The),Financials,368.75,76.91,9.9,2.36,26.51,0.3,135.0,0.06
TRMB,Trimble Inc.,Information Technology,60.09,14.01,,1.41,-1.94,11.0,0.0,2.56
TFC,Truist Financial,Financials,46.11,56.33,10.6,1.05,9.06,8.2,450.0,-7.17
TWLO,Twilio,Information Technology,289.47,44.46,40.04,0.43,13.5,22.0,0.0,17.49
TYL,Tyler Technologies,Information Technology,329.55,13.5,43.36,1.38,9.73,8.2,0.0,-2.24
TSN,Tyson Foods,Consumer Staples,53.43,18.8,32.98,1.04,3.26,-0.1,390.0,-1.51
USB,U.S. Bancorp,Financials,57.08,88.93,11.39,1.71,12.62,10.4,379.0,-6.41
UBER,Uber,Industrials,71.51,146.06,15.68,5.99,37.16,12.2,0.0,-2.15
UDR,"UDR, Inc.",Real Estate,34.12,10.96,21.59,8.17,13.74,-0.1,518.0,-4.81
ULTA,Ulta Beauty,Consumer Discretionary,570.37,24.52,20.79,1.77,46.12,8.9,0.0,5.56
UNP,Union Pacific Corporation,Industrials,278.34,165.35,22.56,2.76,39.7,11.5,204.0,-3.36
UAL,United Airlines Holdings,Industrials,107.46,34.88,10.06,6.5,23.25,16.0,0.0,-6.3
UPS,United Parcel Service,Industrials,94.57,80.46,17.58,1.34,29.6,7.6,697.0,-5.49
URI,United Rentals,Industrials,1056.37,65.75,25.4,1.36,28.89,11.8,75.0,-0.42
UNH,UnitedHealth Group,Health Care,379.3,340.46,24.39,1.01,14.15,0.4,250.0,-2.17
UHS,Universal Health Services,Health Care,177.35,10.45,7.23,1.19,20.95,8.3,46.0,2.0
VLO,Valero Energy,Energy,433.75,124.89,18.08,2.19,27.64,51.7,108.0,18.03
VEEV,Veeva Systems,Health Care,296.13,47.95,48.55,1.1,14.42,17.6,0.0,14.11
VTR,Ventas,Real Estate,82.04,42.08,151.93,4.66,2.01,21.7,254.0,-7.43
VLTO,Veralto,Industrials,96.93,23.63,24.42,2.28,34.31,7.5,54.0,0.42
VRSN,Verisign,Information Technology,303.74,27.46,32.98,2.2,,6.0,109.0,4.59
VRSK,Verisk Analytics,Industrials,177.63,23.12,27.29,1.48,,4.4,114.0,-1.4
VZ,Verizon,Communication Services,41.65,173.05,10.85,0.82,15.84,-0.7,611.0,-13.46
VRTX,Vertex Pharmaceuticals,Health Care,510.08,129.29,29.71,1.96,23.54,12.5,0.0,-2.0
VRT,Vertiv,Industrials,242.78,93.47,54.93,0.82,43.94,24.1,10.0,-6.47
VTRS,Viatris,Health Care,17.64,20.26,,3.17,-2.75,4.9,275.0,4.41
VICI,Vici Properties,Real Estate,22.88,25.19,8.9,,9.85,5.7,807.0,-7.21
V,Visa Inc.,Financials,385.45,723.63,32.8,1.7,61.19,14.4,71.0,4.28
VST,Vistra Corp.,Utilities,161.48,54.2,27.23,0.43,42.96,-5.5,59.0,12.35
VMRK,Vivmark Residential,Real Estate,61.16,47.32,23.43,7.17,8.49,3.3,468.0,-3.61
VMC,Vulcan Materials Company,Materials,244.58,31.69,28.84,1.66,13.23,2.5,84.0,-6.48
VYLR,Vylor,Consumer Staples,73.15,52.05,104.5,,4.26,-1.2,0.0,
WRB,W. R. Berkley Corporation,Financials,71.91,26.69,14.77,4.74,20.21,1.2,56.0,3.38
GWW,W. W. Grainger,Industrials,1289.79,60.75,32.89,1.73,46.09,10.3,79.0,-0.17
WAB,Wabtec,Industrials,285.43,48.21,38.36,1.37,11.55,17.5,44.0,-1.33
WMT,Walmart,Consumer Staples,111.35,883.42,40.34,3.75,22.31,5.9,90.0,2.7
DIS,Walt Disney Company (The),Communication Services,108.05,186.57,22.28,3.49,8.01,6.8,140.0,2.76
WM,Waste Management,Industrials,208.83,83.47,29.58,1.92,29.84,4.0,180.0,-3.56
WAT,Waters Corporation,Health Care,433.77,42.59,109.82,1.6,1.92,113.4,0.0,4.3
WEC,WEC Energy Group,Utilities,103.74,33.8,20.14,2.03,11.99,2.6,368.0,-1.62
WFC,Wells Fargo,Financials,83.55,252.66,12.14,1.28,12.57,9.5,244.0,-2.51
WELL,Welltower,Real Estate,225.47,162.47,101.11,3.66,3.84,39.1,152.0,-3.44
WST,West Pharmaceutical Services,Health Care,366.0,25.76,46.86,2.83,19.09,13.8,24.0,3.02
WDC,Western Digital,Information Technology,397.28,148.71,14.76,0.75,130.85,43.8,15.0,-13.17
WY,Weyerhaeuser,Real Estate,19.1,13.77,29.38,1.86,4.97,-0.9,438.0,-14.82
WSM,"Williams-Sonoma, Inc.",Consumer Discretionary,241.78,28.48,24.8,2.47,54.96,6.7,127.0,3.14
WMB,Williams Companies,Energy,72.67,88.89,28.95,2.08,21.5,7.8,290.0,1.1
WTW,Willis Towers Watson,Financials,296.26,27.51,18.33,1.27,19.76,9.1,129.0,-7.58
WDAY,"Workday, Inc.",Information Technology,186.59,44.97,38.0,0.57,16.01,12.8,0.0,-1.38
WYNN,Wynn Resorts,Consumer Discretionary,75.15,7.74,18.02,0.67,,6.9,133.0,-16.85
XEL,Xcel Energy,Utilities,73.78,46.08,20.21,1.84,9.92,-5.1,323.0,-1.25
XYL,Xylem Inc.,Industrials,102.71,23.98,24.45,1.24,9.18,1.5,169.0,-6.82
YUM,Yum! Brands,Consumer Discretionary,144.82,39.52,18.24,1.83,,12.2,210.0,-0.29
ZBRA,Zebra Technologies,Information Technology,387.18,18.32,35.49,0.64,15.29,20.4,0.0,7.07
ZBH,Zimmer Biomet,Health Care,89.14,17.0,21.64,0.56,6.41,4.8,108.0,-6.56
ZTS,Zoetis,Health Care,74.81,30.91,12.3,6.8,64.91,-0.2,290.0,1.14
